# 301 redirects for duplicate content prevention - redirect TO .html for consistency
/sugar                      /sugar.html              301!
/drinks                     /drinks.html             301!
/about                      /about.html              301!
/contact                    /contact.html            301!
/privacy                    /privacy.html            301!
/sugar-hydration-guide      /sugar-hydration-guide.html   301!
/caffeine-hydration-truth   /caffeine-hydration-truth.html 301!
/hydration-tips             /hydration-tips.html     301!
/                           /index.html              301!

# Ads.txt redirect for Ezoic
/ads.txt    https://srv.adstxtmanager.com/19390/waincal.com    301!

# Static file serving
/robots.txt    /robots.txt    200
/sitemap.xml   /sitemap.xml   200
/test-sitemap.xml  /test-sitemap.xml  200
